title,rating,ratingDescription,ratingLevel,release year,user rating score,user rating size,Genre,Age Restriction
White Chicks,PG-13,"crude and sexual humor, language and some drug content",80,2004,82.0,80,comedy,no restriction
Lucky Number Slevin,R,"strong violence, sexual content and adult language",100,2006,,82,"crime,mystery,thriller,drama",no restriction
Grey's Anatomy,TV-14,Parents strongly cautioned. May be unsuitable for children ages 14 and under.,90,2016,98.0,80,"Medical drama, Romantic drama, Comedy-drama, Ensemble drama",14+
Prison Break,TV-14,Parents strongly cautioned. May be unsuitable for children ages 14 and under.,90,2008,98.0,80,Serial dramaCrime dramaAction thriller,14+
How I Met Your Mother,TV-PG,Parental guidance suggested. May not be suitable for all children.,70,2014,94.0,80,"Sitcom, Romantic comedy",no restriction
Supernatural,TV-14,Parents strongly cautioned. May be unsuitable for children ages 14 and under.,90,2016,95.0,80,"Action, Adventure, Drama, Fantasy, Horror, Mystery",14+
Breaking Bad,TV-MA,For mature audiences.  May not be suitable for children 17 and under.,110,2013,97.0,80,"Crime drama, Thriller, Neo-Western, Black comedy, Tragedy",17+
The Vampire Diaries,TV-14,Parents strongly cautioned. May be unsuitable for children ages 14 and under.,90,2017,91.0,80,"Drama, Supernatural, Horror, Fantasy",14+
The Walking Dead,TV-MA,For mature audiences.  May not be suitable for children 17 and under.,110,2015,98.0,80,"Horror, Neo-Western, Serial drama, Zombie apocalypse",17+
Pretty Little Liars,TV-14,Parents strongly cautioned. May be unsuitable for children ages 14 and under.,90,2016,96.0,80,"Crime thriller, Mystery, Teen drama",14+
Once Upon a Time,TV-PG,Parental guidance suggested. May not be suitable for all children.,70,2016,98.0,80,"Fantasy, Adventure, Drama",no restriction
Sherlock,TV-14,Parents strongly cautioned. May be unsuitable for children ages 14 and under.,90,2016,95.0,80,"Crime, Mystery, Comedy-drama",14+
Death Note,TV-14,Parents strongly cautioned. May be unsuitable for children ages 14 and under.,90,2006,77.0,80,,14+
Naruto,TV-PG,Parental guidance suggested. May not be suitable for all children.,70,2008,88.0,80,Anime&Manga,no restriction
The Hunter,R,language and brief violence,100,2011,,82,"mystery,thriller",no restriction
Lottie Dottie Chicken,TV-Y,Suitable for all ages.,10,2009,,82,,no restriction
Arrow,TV-14,Parents strongly cautioned. May be unsuitable for children ages 14 and under.,90,2015,96.0,80,"Superhero, Drama, Action, Crime, Mystery",14+
Black Mirror,TV-MA,For mature audiences.  May not be suitable for children 17 and under.,110,2016,80.0,80,"Science fiction, Satire, Dystopia, Anthology, Black comedy",17+
The Originals,TV-14,Parents strongly cautioned. May be unsuitable for children ages 14 and under.,90,2016,74.0,80,"Horror, Fantasy, Supernatural",14+
The 100,NR,This movie has not been rated.,124,2016,97.0,80,"Action, Drama, Dystopian, Post-apocalyptic, Science fiction",no restriction
Masha and the Bear,TV-Y,Suitable for all ages.,10,2013,81.0,80,"Adventure, Comedy",no restriction
"ÃÃ Pai, ÃÃ - Look at This",TV-MA,For mature audiences.  May not be suitable for children 17 and under.,110,2007,,82,,17+
Nymphomaniac: Volume 1,NR,This movie has not been rated.,124,2013,,82,,no restriction
Hunter X Hunter (2011),NR,This movie has not been rated.,124,2013,57.0,80,,no restriction
Marvel's Luke Cage,TV-MA,For mature audiences.  May not be suitable for children 17 and under.,110,2016,95.0,80,"Action, Drama, Neo-blaxploitation, Neo-Western, Superhero",17+
Marvel's Iron Fist,TV-MA,For mature audiences.  May not be suitable for children 17 and under.,110,2017,98.0,80,"Action, Drama, Martial arts, Superhero",17+
Narcos,TV-MA,For mature audiences.  May not be suitable for children 17 and under.,110,2016,94.0,80,"Crime drama, Biographical",17+
The Flash,TV-PG,Parental guidance suggested. May not be suitable for all children.,70,2016,98.0,80,Action&Adventure,no restriction
The Seven Deadly Sins,TV-14,Parents strongly cautioned. May be unsuitable for children ages 14 and under.,90,2016,,82,Anime&Manga,14+
Scream,TV-14,Parents strongly cautioned. May be unsuitable for children ages 14 and under.,90,2016,,82,"Anthology, Slasher, Teen drama, Horror, Mystery",14+
The Do-Over,TV-MA,For mature audiences.  May not be suitable for children 17 and under.,110,2016,84.0,80,,17+
OperaÃÂ¤ÃÂµes Especiais,TV-MA,For mature audiences.  May not be suitable for children 17 and under.,110,2015,,82,,17+
3%,TV-MA,For mature audiences.  May not be suitable for children 17 and under.,110,2016,,82,"Drama, Thriller, Science fiction",17+
Trollhunters,TV-Y7-FV,Suitable for children ages 7 and older.  Content contains fantasy violence.,42,2016,83.0,80,"Science fantasy, Adventure, Action, Comedy-drama",7+
Fearless,TV-14,Parents strongly cautioned. May be unsuitable for children ages 14 and under.,90,2016,,82,Crime thriller,14+
Hyena Road,R,"bloody war violence, language throughout and some sexual material",100,2015,,82,"war,drama",no restriction
Santa Clarita Diet,TV-MA,For mature audiences.  May not be suitable for children 17 and under.,110,2017,82.0,80,Horror-comedy,17+
"Sex, Love and Therapy",NR,This movie has not been rated.,124,2014,,82,,no restriction
White Girl,UR,"This movie has not been rated. Intended for adults only and may contain sex, violence, drugs, language or other adult themes.",124,2016,,82,drama,no restriction
Girlboss,TV-MA,For mature audiences.  May not be suitable for children 17 and under.,110,2017,94.0,80,Comedy,17+
City of God: 10 Years Later,TV-MA,For mature audiences.  May not be suitable for children 17 and under.,110,2013,,82,,17+
13 Reasons Why,TV-MA,For mature audiences.  May not be suitable for children 17 and under.,110,2017,99.0,80,"Teen drama, Mystery, Thriller",17+
Sand Castle,TV-MA,For mature audiences.  May not be suitable for children 17 and under.,110,2017,89.0,80,"animation,fantasy",17+
Salvador Martinha - Tip of the Tongue,TV-MA,For mature audiences.  May not be suitable for children 17 and under.,110,2016,,82,,17+
Sandy Wexler,TV-14,Parents strongly cautioned. May be unsuitable for children ages 14 and under.,90,2017,92.0,80,comedy,14+
O Amor no DivÃÂ£,TV-MA,For mature audiences.  May not be suitable for children 17 and under.,110,2016,,82,,17+
Stronger Than the World,NR,This movie has not been rated.,124,2016,,82,,no restriction
Back and Forth,NR,This movie has not been rated.,124,2016,,82,"romance,drama,comedy",no restriction
Happily Married,TV-14,Parents strongly cautioned. May be unsuitable for children ages 14 and under.,90,2015,,82,,14+
Pandora,TV-MA,For mature audiences.  May not be suitable for children 17 and under.,110,2016,,82,"Science fiction, Action",17+
The Office (U.S.),TV-14,Parents strongly cautioned. May be unsuitable for children ages 14 and under.,90,2012,97.0,80,"Mockumentary, Sitcom",14+
90210,TV-14,Parents strongly cautioned. May be unsuitable for children ages 14 and under.,90,2013,62.0,80,Teen drama,14+
Gossip Girl,TV-14,Parents strongly cautioned. May be unsuitable for children ages 14 and under.,90,2012,96.0,80,Teen drama,14+
Parks and Recreation,TV-14,Parents strongly cautioned. May be unsuitable for children ages 14 and under.,90,2015,94.0,80,"Sitcom, Mockumentary, Political satire",14+
Glee,TV-PG,Parental guidance suggested. May not be suitable for all children.,70,2015,92.0,80,"Musical, Comedy-drama, Romantic comedy, Teen drama",no restriction
Family Guy,TV-MA,For mature audiences.  May not be suitable for children 17 and under.,110,2015,98.0,80,Animated sitcom,17+
Criminal Minds,TV-14,Parents strongly cautioned. May be unsuitable for children ages 14 and under.,90,2016,98.0,80,"Police procedural, Thriller, Crime drama, Action, Mystery",14+
Friends,TV-14,Parents strongly cautioned. May be unsuitable for children ages 14 and under.,90,2003,98.0,80,Sitcom,14+
The Secret Life of the American Teenager,TV-14,Parents strongly cautioned. May be unsuitable for children ages 14 and under.,90,2013,81.0,80,Teen drama,14+
One Tree Hill,TV-14,Parents strongly cautioned. May be unsuitable for children ages 14 and under.,90,2011,90.0,80,Drama,14+
Shameless (U.S.),TV-MA,For mature audiences.  May not be suitable for children 17 and under.,110,2016,97.0,80,,17+
New Girl,TV-14,Parents strongly cautioned. May be unsuitable for children ages 14 and under.,90,2016,91.0,80,Sitcom,14+
American Horror Story,TV-MA,For mature audiences.  May not be suitable for children 17 and under.,110,2016,90.0,80,"Horror, Anthology, Supernatural horror, Erotic thriller",17+
Orange Is the New Black,TV-MA,For mature audiences.  May not be suitable for children 17 and under.,110,2016,98.0,80,Comedy-drama,17+
Inside Russia's Toughest Prison,TV-14,Parents strongly cautioned. May be unsuitable for children ages 14 and under.,90,2011,,82,,14+
Bates Motel,TV-14,Parents strongly cautioned. May be unsuitable for children ages 14 and under.,90,2016,83.0,80,"Mystery, Psychological horror, Drama",14+
Grace and Frankie,TV-MA,For mature audiences.  May not be suitable for children 17 and under.,110,2017,90.0,80,Comedy,17+
How to Get Away with Murder,TV-14,Parents strongly cautioned. May be unsuitable for children ages 14 and under.,90,2016,95.0,80,"Legal drama, Mystery, Thriller",14+
The Get Down,TV-MA,For mature audiences.  May not be suitable for children 17 and under.,110,2017,80.0,80,"Period drama, Musical",17+
Love,TV-MA,For mature audiences.  May not be suitable for children 17 and under.,110,2017,,82,Romantic comedyComedy-drama,17+
The OA,TV-MA,For mature audiences.  May not be suitable for children 17 and under.,110,2016,,82,"Mystery, Drama, Science fiction, Supernatural, Fantasy",17+
Stranger Things,TV-14,Parents strongly cautioned. May be unsuitable for children ages 14 and under.,90,2016,90.0,80,"Science fiction, Horror",14+
Ingobernable,TV-MA,For mature audiences.  May not be suitable for children 17 and under.,110,2017,96.0,80,Political drama,17+
Zootopia,PG,"some thematic elements, rude humor and action",60,2016,97.0,80,"kids,family,animation,adventure,comedy",no restriction
Meet the Blacks,R,"pervasive language, some sexual material, violence and drug use",100,2016,79.0,80,comedy,no restriction
Finding Dory,PG,mild thematic elements,60,2016,98.0,80,"kids,family,animation,adventure,comedy",no restriction
Sausage Party,R,"strong crude sexual content, pervasive language, and drug use",100,2016,91.0,80,"adventure,animation,comedy",no restriction
Pete's Dragon,PG,"for action, peril and brief language",60,2016,93.0,80,,no restriction
Kevin Hart: What Now?,R,"some sexual material, and language throughout",100,2016,97.0,80,,no restriction
The Discovery,TV-MA,For mature audiences.  May not be suitable for children 17 and under.,110,2017,,82,"romance,scifi,mystery,thriller",17+
Chewing Gum,TV-MA,For mature audiences.  May not be suitable for children 17 and under.,110,2017,93.0,80,"Sitcom, Sex comedy, Cringe comedy",17+
Cheer Squad,TV-PG,Parental guidance suggested. May not be suitable for all children.,70,2016,61.0,80,Reality,no restriction
Only for One Night,TV-MA,For mature audiences.  May not be suitable for children 17 and under.,110,2016,78.0,80,"mystery,thriller",17+
The Life Aquatic with Steve Zissou,R,"language, some drug use, violence and partial nudity",100,2004,,82,,no restriction
The L Word,TV-MA,For mature audiences.  May not be suitable for children 17 and under.,110,2009,,82,,17+
30 Rock,TV-14,Parents strongly cautioned. May be unsuitable for children ages 14 and under.,90,2012,66.0,80,SitcomSatireFarce,14+
Mad Men,TV-14,Parents strongly cautioned. May be unsuitable for children ages 14 and under.,90,2014,75.0,80,Period dramaSerial drama,14+
It's Always Sunny in Philadelphia,TV-MA,For mature audiences.  May not be suitable for children 17 and under.,110,2016,91.0,80,SitcomBlack comedyCringe comedy,17+
Californication,TV-MA,For mature audiences.  May not be suitable for children 17 and under.,110,2014,63.0,80,Comedy-dramaBlack comedy,17+
Portlandia,TV-14,Parents strongly cautioned. May be unsuitable for children ages 14 and under.,90,2016,62.0,80,"Comedy, Satire, Sketch, Surreal humour",14+
Don't Trust the B---- in Apartment 23,TV-14,Parents strongly cautioned. May be unsuitable for children ages 14 and under.,90,2012,,82,Sitcom,14+
Friends with Benefits,TV-14,Parents strongly cautioned. May be unsuitable for children ages 14 and under.,90,2011,,82,Sitcom,14+
The Client List,TV-14,Parents strongly cautioned. May be unsuitable for children ages 14 and under.,90,2013,92.0,80,,14+
Halt and Catch Fire,TV-14,Parents strongly cautioned. May be unsuitable for children ages 14 and under.,90,2016,,82,Period drama,14+
5 to 7,R,some sexual material,100,2014,,82,romance,no restriction
Chef's Table,TV-MA,For mature audiences.  May not be suitable for children 17 and under.,110,2017,,82,Documentary Documentary Documentary,17+
Documentary Now!,TV-14,Parents strongly cautioned. May be unsuitable for children ages 14 and under.,90,2016,,82,Mockumentary,14+
Better Call Saul,TV-MA,For mature audiences.  May not be suitable for children 17 and under.,110,2016,95.0,80,"Crime drama, Black comedy, Tragedy, Legal drama",17+
Schitt's Creek,TV-14,Parents strongly cautioned. May be unsuitable for children ages 14 and under.,90,2016,74.0,80,SitcomSatireComedy-drama,14+
Lovesick,TV-MA,For mature audiences.  May not be suitable for children 17 and under.,110,2016,,82,Sitcom,17+
Flaked,TV-MA,For mature audiences.  May not be suitable for children 17 and under.,110,2016,,82,Comedy,17+
Master of None,TV-MA,For mature audiences.  May not be suitable for children 17 and under.,110,2015,,82,Comedy-drama,17+
Chelsea,TV-MA,For mature audiences.  May not be suitable for children 17 and under.,110,2017,,82,Talk show,17+
Abstract: The Art of Design,TV-14,Parents strongly cautioned. May be unsuitable for children ages 14 and under.,90,2017,,82,Documentary,14+
Cooper Barrett's Guide to Surviving Life,TV-14,Parents strongly cautioned. May be unsuitable for children ages 14 and under.,90,2016,,82,Sitcom,14+
The Great British Baking Show,TV-PG,Parental guidance suggested. May not be suitable for all children.,70,2016,94.0,80,"Baking Reality Cooking, Baking Cooking, Baking Cooking, Baking",no restriction
Life in Pieces,TV-14,Parents strongly cautioned. May be unsuitable for children ages 14 and under.,90,2015,68.0,80,Sitcom,14+
Crazy Ex-Girlfriend,TV-14,Parents strongly cautioned. May be unsuitable for children ages 14 and under.,90,2017,,82,"Romantic comedy, Black comedy, Satire, Comedy-drama, Cringe comedy, Musical",14+
Easy,TV-MA,For mature audiences.  May not be suitable for children 17 and under.,110,2016,,82,"Comedy-drama, Mumblecore, Anthology",17+
No Tomorrow,TV-14,Parents strongly cautioned. May be unsuitable for children ages 14 and under.,90,2016,,82,Comic science-fictionRomantic fantasyFantasyComedy-drama,14+
Minimalism: A Documentary About the Important Things,TV-PG,Parental guidance suggested. May not be suitable for all children.,70,2016,,82,,no restriction
Hot Girls Wanted: Turned On,TV-MA,For mature audiences.  May not be suitable for children 17 and under.,110,2017,,82,,17+
Win It All,TV-MA,For mature audiences.  May not be suitable for children 17 and under.,110,2017,,82,comedy,17+
MerlÃ?,TV-PG,Parental guidance suggested. May not be suitable for all children.,70,2015,,82,,no restriction
Amy Schumer: The Leather Special,TV-MA,For mature audiences.  May not be suitable for children 17 and under.,110,2017,,82,,17+
Louis C.K. 2017,TV-MA,For mature audiences.  May not be suitable for children 17 and under.,110,2017,71.0,80,,17+
Dave Chappelle,TV-MA,For mature audiences.  May not be suitable for children 17 and under.,110,2017,94.0,80,Stand-uptelevisionfilm Observational comedysurreal humorsketch comedyblack comedyinsult comedysatire American politicsAfrican-American culturepop cultureracismrace relationsrecreational drug usecurrent eventshuman sexuality,17+
Almost Adults,NR,This movie has not been rated.,124,2016,,82,"drama,comedy",no restriction
The Brothers,R,strong sexual content and language,100,2001,,82,,no restriction
Skins,TV-MA,For mature audiences.  May not be suitable for children 17 and under.,110,2013,,82,Teen drama Comedy-drama,17+
The Cleveland Show,TV-14,Parents strongly cautioned. May be unsuitable for children ages 14 and under.,90,2012,88.0,80,Animated sitcom,14+
Absolutely Fabulous,TV-14,Parents strongly cautioned. May be unsuitable for children ages 14 and under.,90,2012,59.0,80,Sitcom,14+
Raising Hope,TV-14,Parents strongly cautioned. May be unsuitable for children ages 14 and under.,90,2013,73.0,80,Sitcom,14+
Come Fly With Me,TV-14,Parents strongly cautioned. May be unsuitable for children ages 14 and under.,90,2010,,82,romance,14+
Brickleberry,TV-MA,For mature audiences.  May not be suitable for children 17 and under.,110,2014,63.0,80,Animated sitcom,17+
BoJack Horseman,TV-MA,For mature audiences.  May not be suitable for children 17 and under.,110,2016,,82,"Adult animation, Animated sitcom, Tragicomedy, Black comedy, Surreal humor, Comedy-drama, Satire",17+
Being Mary Jane: The Series,TV-14,Parents strongly cautioned. May be unsuitable for children ages 14 and under.,90,2016,,82,,14+
Unbreakable Kimmy Schmidt,TV-14,Parents strongly cautioned. May be unsuitable for children ages 14 and under.,90,2016,,82,Sitcom,14+
Bordertown,TV-14,Parents strongly cautioned. May be unsuitable for children ages 14 and under.,90,2016,86.0,80,Animated sitcom,14+
Jane The Virgin,TV-14,Parents strongly cautioned. May be unsuitable for children ages 14 and under.,90,2016,91.0,80,"Comedy-drama, Romantic comedy, Telenovela, Satire",14+
Dope,R,"language, drug content, sexuality/nudity, and some violence-all involving teens",100,2015,79.0,80,Documentary,no restriction
The Carmichael Show,TV-14,Parents strongly cautioned. May be unsuitable for children ages 14 and under.,90,2016,69.0,80,Sitcom,14+
November Rule,TV-14,Parents strongly cautioned. May be unsuitable for children ages 14 and under.,90,2015,,82,romance,14+
Haters Back Off,TV-14,Parents strongly cautioned. May be unsuitable for children ages 14 and under.,90,2016,58.0,80,Comedy,14+
Kubo and the Two Strings,PG,"thematic elements, scary images, action and peril",60,2016,96.0,80,"animation,fantasy,kids,family,action,adventure",no restriction
Skins,TV-MA,For mature audiences.  May not be suitable for children 17 and under.,110,2017,,82,Teen drama Comedy-drama,17+
A Weekend with the Family,TV-MA,For mature audiences.  May not be suitable for children 17 and under.,110,2016,,82,comedy,17+
Crazyhead,TV-MA,For mature audiences.  May not be suitable for children 17 and under.,110,2016,,82,Comedy horror,17+
Queen of Katwe,PG,"thematic elements, an accident scene and some suggestive material",60,2016,,81,"drama,biography",no restriction
Little Boxes,TV-14,Parents strongly cautioned. May be unsuitable for children ages 14 and under.,90,2016,61.0,80,"drama,comedy",14+
Deidra & Laney Rob a Train,TV-14,Parents strongly cautioned. May be unsuitable for children ages 14 and under.,90,2017,,82,,14+
Hurricane Bianca,TV-MA,For mature audiences.  May not be suitable for children 17 and under.,110,2016,,82,comedy,17+
Honeytrap,NR,This movie has not been rated.,124,2014,,82,"crime,romance,drama",no restriction
Greenleaf,TV-14,Parents strongly cautioned. May be unsuitable for children ages 14 and under.,90,2016,62.0,80,DramaMystery,14+
Lazy Eye,TV-MA,For mature audiences.  May not be suitable for children 17 and under.,110,2016,,82,"romance,drama",17+
Like Cotton Twines,NR,This movie has not been rated.,124,2016,,82,drama,no restriction
The Wedding Party,TV-14,Parents strongly cautioned. May be unsuitable for children ages 14 and under.,90,2016,,82,"drama,comedy",14+
Boy Bye,TV-MA,For mature audiences.  May not be suitable for children 17 and under.,110,2016,,82,romance,17+
Nancy Drew,PG,Parental guidance suggested. May not be suitable for children.,60,2007,,82,"kids,family,mystery,thriller,adventure",no restriction
Nurse Jackie,TV-MA,For mature audiences.  May not be suitable for children 17 and under.,110,2015,82.0,80,Medical dramaDark comedyComedy-drama,17+
Drop Dead Diva,TV-PG,Parental guidance suggested. May not be suitable for all children.,70,2014,,82,"Comedy-drama, Fantasy, Legal Drama",no restriction
Gilmore Girls,TV-14,Parents strongly cautioned. May be unsuitable for children ages 14 and under.,90,2006,91.0,80,Comedy-drama,14+
Parenthood,TV-14,Parents strongly cautioned. May be unsuitable for children ages 14 and under.,90,2014,79.0,80,"drama,comedy",14+
Life Unexpected,TV-PG,Parental guidance suggested. May not be suitable for all children.,70,2010,55.0,80,Teen drama,no restriction
Being Human (U.S.),TV-14,Parents strongly cautioned. May be unsuitable for children ages 14 and under.,90,2014,58.0,80,,14+
The Carrie Diaries,TV-14,Parents strongly cautioned. May be unsuitable for children ages 14 and under.,90,2013,,82,"Teen drama, Comedy-drama, Period drama",14+
Baby Daddy,TV-14,Parents strongly cautioned. May be unsuitable for children ages 14 and under.,90,2016,80.0,80,Sitcom,14+
The Angriest Man in Brooklyn,R,Restricted. May be inappropriate for children 17 and under.,100,2014,,82,"drama,comedy",17+
Sense8,TV-MA,For mature audiences.  May not be suitable for children 17 and under.,110,2017,81.0,80,"Science fiction, Drama",17+
Girlfriends' Guide to Divorce,TV-14,Parents strongly cautioned. May be unsuitable for children ages 14 and under.,90,2015,63.0,80,,14+
Fried,TV-MA,For mature audiences.  May not be suitable for children 17 and under.,110,2015,,82,,17+
The Great Gilly Hopkins,PG,for thematic material and language,60,2016,69.0,80,"drama,comedy",no restriction
The Magicians,TV-MA,For mature audiences.  May not be suitable for children 17 and under.,110,2016,89.0,80,Fantasy,17+
One Day at a Time,TV-PG,Parental guidance suggested. May not be suitable for all children.,70,2017,,82,Comedy,no restriction
Better Off Single,TV-MA,For mature audiences.  May not be suitable for children 17 and under.,110,2016,,82,romance,17+
The Matchbreaker,PG,Parental guidance suggested. May not be suitable for children.,60,2016,79.0,80,romance,no restriction
Tramps,TV-MA,For mature audiences.  May not be suitable for children 17 and under.,110,2017,,82,,17+
Slam,TV-MA,For mature audiences.  May not be suitable for children 17 and under.,110,2017,,82,drama,17+
The Waterboy,PG-13,language and some crude sexual humor,80,1998,82.0,80,,no restriction
10 Things I Hate About You,PG-13,"adult content, adult language and mild violence",80,1999,68.0,80,Sitcom,no restriction
Grease,PG,Parental guidance suggested. May not be suitable for children.,60,1978,86.0,80,"romance,musical",no restriction
How to Lose a Guy in 10 Days,PG-13,some sex-related material,80,2003,56.0,80,romance,no restriction
The Benchwarmers,PG-13,"crude and suggestive humor, and for language",80,2006,77.0,80,,no restriction
Step Up,PG-13,"thematic elements, brief violence and innuendo",80,2006,64.0,80,"Drama, Dance",no restriction
High School Musical 2,TV-G,Suitable for all ages.,35,2007,58.0,80,"kids,family,comedy,musical",no restriction
Twilight,PG-13,some violence and one sexual scene,80,2008,89.0,80,"romance,fantasy",no restriction
Coraline,PG,"thematic elements, scary images, some language and suggestive humor",60,2009,95.0,80,"kids,family,animation,fantasy",no restriction
Hannah Montana: The Movie,G,General Audiences. Suitable for all ages.,35,2009,56.0,80,,no restriction
Friday Night Lights,TV-PG,Parental guidance suggested. May not be suitable for all children.,70,2010,81.0,80,"Sports drama, Teen drama, Family drama",no restriction
StarStruck,TV-G,Suitable for all ages.,35,2010,,82,drama,no restriction
Mean Girls 2,PG-13,"For some rude and suggestive material, and for language.",80,2011,,82,comedy,no restriction
That '70s Show,TV-14,Parents strongly cautioned. May be unsuitable for children ages 14 and under.,90,2005,89.0,80,"Comedy, Period sitcom, Teen sitcom",14+
Heartland,TV-PG,Parental guidance suggested. May not be suitable for all children.,70,2015,85.0,80,western,no restriction
Switched at Birth,TV-14,Parents strongly cautioned. May be unsuitable for children ages 14 and under.,90,2015,83.0,80,Family drama,14+
Hart of Dixie,TV-PG,Parental guidance suggested. May not be suitable for all children.,70,2014,81.0,80,Comedy-drama,no restriction
Safe Haven,PG-13,"thematic material involving threatening behavior, and for violence and sexuality",80,2013,62.0,80,"mystery,thriller,romance,drama",no restriction
The Night Shift,TV-14,Parents strongly cautioned. May be unsuitable for children ages 14 and under.,90,2015,93.0,80,Medical drama,14+
Reign,TV-14,Parents strongly cautioned. May be unsuitable for children ages 14 and under.,90,2015,79.0,80,"Historical drama, Romantic drama",14+
Fuller House,TV-G,Suitable for all ages.,35,2016,90.0,80,Sitcom,no restriction
Gilmore Girls: A Year in the Life,TV-14,Parents strongly cautioned. May be unsuitable for children ages 14 and under.,90,2016,77.0,80,Comedy-drama,14+
Gabriel lglesias: IÂÃÂªm Sorry For What I Said When I Was Hungry,TV-14,Parents strongly cautioned. May be unsuitable for children ages 14 and under.,90,2016,84.0,80,,14+
The Wedding Planner,PG-13,language and some sexual humor,80,2001,,82,,no restriction
Blow,R,"pervasive drug content and language, some violence and sexuality",100,2001,78.0,80,"crime,biography,drama",no restriction
High School Musical,TV-G,Suitable for all ages.,35,2006,64.0,80,Musical,no restriction
Bones,TV-14,Parents strongly cautioned. May be unsuitable for children ages 14 and under.,90,2016,97.0,80,Crime dramaComedy-dramaPolice procedural,14+
Law & Order: Special Victims Unit,TV-14,Parents strongly cautioned. May be unsuitable for children ages 14 and under.,90,2015,97.0,80,"Police procedural, Legal drama, Thriller, Mystery",14+
NCIS,TV-14,Parents strongly cautioned. May be unsuitable for children ages 14 and under.,90,2016,97.0,80,"Action, Drama, Police procedural",14+
Army Wives,TV-14,Parents strongly cautioned. May be unsuitable for children ages 14 and under.,90,2013,61.0,80,,14+
Private Practice,TV-14,Parents strongly cautioned. May be unsuitable for children ages 14 and under.,90,2012,88.0,80,Medical drama,14+
Revenge,TV-PG,Parental guidance suggested. May not be suitable for all children.,70,2015,84.0,80,"Soap opera, Psychological thriller, Mystery, Serial drama Soundtrack",no restriction
Scandal,TV-14,Parents strongly cautioned. May be unsuitable for children ages 14 and under.,90,2016,92.0,80,"Political thriller, Political drama",14+
Magic Mike,R,"pervasive sexual content, brief graphic nudity, language and some drug use",100,2012,77.0,80,"drama,comedy",no restriction
Trouble with the Curve,PG-13,Parents strongly cautioned. May be inappropriate for children under 13.,80,2012,63.0,80,drama,13+
Home,PG,mild action and some rude humor,60,2015,94.0,80,Comedy,no restriction
Skin Wars,TV-14,Parents strongly cautioned. May be unsuitable for children ages 14 and under.,90,2016,69.0,80,Reality competition,14+
Felipe Neto: My Life Makes No Sense,TV-MA,For mature audiences.  May not be suitable for children 17 and under.,110,2017,,82,,17+
Lost,TV-14,Parents strongly cautioned. May be unsuitable for children ages 14 and under.,90,2010,98.0,80,"Adventure, Mystery, Serial drama, Science fiction, Supernatural fiction",14+
Weeds,TV-MA,For mature audiences.  May not be suitable for children 17 and under.,110,2012,85.0,80,Black comedyComedy-dramaSatire,17+
The Tudors,TV-MA,For mature audiences.  May not be suitable for children 17 and under.,110,2010,,82,Historical drama,17+
Lie to Me,TV-14,Parents strongly cautioned. May be unsuitable for children ages 14 and under.,90,2010,89.0,80,Crime drama Police procedural,14+
Charmed,TV-PG,Parental guidance suggested. May not be suitable for all children.,70,2005,90.0,80,"Drama, Fantasy, Supernatural fiction",no restriction
White Collar,TV-PG,Parental guidance suggested. May not be suitable for all children.,70,2014,93.0,80,Police proceduralDrama,no restriction
House of Cards,TV-MA,For mature audiences.  May not be suitable for children 17 and under.,110,2016,91.0,80,Political dramaPolitical thriller,17+
The Killing,TV-14,Parents strongly cautioned. May be unsuitable for children ages 14 and under.,90,2014,73.0,80,"Serial drama, Crime drama, Mystery",14+
Unconditional,PG-13,some violent content and mature thematic elements,80,2012,,82,drama,no restriction
The Blacklist,TV-14,Parents strongly cautioned. May be unsuitable for children ages 14 and under.,90,2016,96.0,80,"Crime drama, Action, Thriller, Mystery",14+
The Fosters,TV-14,Parents strongly cautioned. May be unsuitable for children ages 14 and under.,90,2016,73.0,80,Family dramaTeen drama,14+
Witches of East End,TV-14,Parents strongly cautioned. May be unsuitable for children ages 14 and under.,90,2014,,82,Supernatural dramaFantasyComedy-drama,14+
Bitten,TV-MA,For mature audiences.  May not be suitable for children 17 and under.,110,2016,56.0,80,"Drama, Fantasy, Horror",17+
London Has Fallen,R,strong violence and language throughout,100,2016,96.0,80,"action,mystery,thriller",no restriction
Marvel's Jessica Jones,TV-MA,For mature audiences.  May not be suitable for children 17 and under.,110,2015,83.0,80,"Detective, Neo-noir, Psychological thriller, Superhero, Crime drama",17+
Bloodline,TV-MA,For mature audiences.  May not be suitable for children 17 and under.,110,2016,,82,ThrillerDrama,17+
Velvet,TV-14,Parents strongly cautioned. May be unsuitable for children ages 14 and under.,90,2016,,82,Drama,14+
The Crown,TV-MA,For mature audiences.  May not be suitable for children 17 and under.,110,2016,84.0,80,Historical drama,17+
Kurt Seyit & Sura,TV-14,Parents strongly cautioned. May be unsuitable for children ages 14 and under.,90,2014,,82,"Period drama, Romance",14+
The Returned,TV-14,Parents strongly cautioned. May be unsuitable for children ages 14 and under.,90,2015,,82,"horror,crime,mystery,thriller,drama",14+
The Girl in the Book,TV-MA,For mature audiences.  May not be suitable for children 17 and under.,110,2015,,82,drama,17+
Quantico,TV-14,Parents strongly cautioned. May be unsuitable for children ages 14 and under.,90,2016,88.0,80,"Terrorism thriller, Drama, Conspiracy thriller",14+
100 Metros,TV-MA,For mature audiences.  May not be suitable for children 17 and under.,110,2016,,82,drama,17+
Dexter,TV-MA,For mature audiences.  May not be suitable for children 17 and under.,110,2013,95.0,80,Crime dramaPsychological thrillerMysteryDark comedyPolice procedural,17+
Leverage,TV-PG,Parental guidance suggested. May not be suitable for all children.,70,2012,86.0,80,"Action/Adventure, Caper story, Comedy-drama, Crime, Thriller",no restriction
Burn Notice,TV-14,Parents strongly cautioned. May be unsuitable for children ages 14 and under.,90,2013,85.0,80,Espionage Drama Action,14+
Luther,TV-14,Parents strongly cautioned. May be unsuitable for children ages 14 and under.,90,2015,69.0,80,"Crime drama, Psychological thriller, Serial drama",14+
Hawaii Five-0,TV-14,"dialogue, language, sexual situations and violence",90,2016,96.0,80,,no restriction
Last Man Standing,TV-PG,Parental guidance suggested. May not be suitable for all children.,70,2015,97.0,80,Sitcom,no restriction
Person of Interest,TV-14,Parents strongly cautioned. May be unsuitable for children ages 14 and under.,90,2016,93.0,80,"Crime drama, Action, Science fiction",14+
Touch,TV-14,Parents strongly cautioned. May be unsuitable for children ages 14 and under.,90,2012,68.0,80,"DramaThriller, B nnii",14+
Breakout Kings,TV-14,Parents strongly cautioned. May be unsuitable for children ages 14 and under.,90,2012,88.0,80,ActionCrimeThriller,14+
The Following,TV-14,Parents strongly cautioned. May be unsuitable for children ages 14 and under.,90,2015,,82,"Psychological thriller, Horror, Crime drama",14+
"Drugs, Inc.",TV-14,Parents strongly cautioned. May be unsuitable for children ages 14 and under.,90,2015,,82,,14+
Longmire,TV-14,Parents strongly cautioned. May be unsuitable for children ages 14 and under.,90,2016,92.0,80,Crime dramaNeo-Western,14+
Ripper Street,TV-MA,For mature audiences.  May not be suitable for children 17 and under.,110,2016,,82,"Drama, Mystery",17+
The Fall,TV-MA,For mature audiences.  May not be suitable for children 17 and under.,110,2016,61.0,80,"Crime drama, Thriller",17+
Death in Paradise,TV-14,Parents strongly cautioned. May be unsuitable for children ages 14 and under.,90,2016,77.0,80,Crime dramaDetective fiction,14+
Marvel's Agents of S.H.I.E.L.D.,TV-PG,Parental guidance suggested. May not be suitable for all children.,70,2016,89.0,80,"Action, Drama, Science fiction, Superhero",no restriction
Crossing Lines,TV-14,Parents strongly cautioned. May be unsuitable for children ages 14 and under.,90,2015,66.0,80,Crime drama,14+
The Honorable Woman,TV-MA,For mature audiences.  May not be suitable for children 17 and under.,110,2014,,82,Political thrillerSpy thriller,17+
Transporter: The Series,TV-MA,For mature audiences.  May not be suitable for children 17 and under.,110,2014,,82,Action/AdventureThriller,17+
Gotham,TV-14,Parents strongly cautioned. May be unsuitable for children ages 14 and under.,90,2016,85.0,80,"Action, Crime, Drama",14+
American Odyssey,TV-14,Parents strongly cautioned. May be unsuitable for children ages 14 and under.,90,2015,,82,"Drama, Thriller, Action",14+
Aquarius,TV-MA,For mature audiences.  May not be suitable for children 17 and under.,110,2015,,82,"Period drama, Crime drama",17+
Hap and Leonard,TV-MA,For mature audiences.  May not be suitable for children 17 and under.,110,2016,57.0,80,Crime dramaMysteryDark comedy,17+
Rosewood,TV-14,Parents strongly cautioned. May be unsuitable for children ages 14 and under.,90,2015,81.0,80,Police procedural,14+
Limitless,TV-14,Parents strongly cautioned. May be unsuitable for children ages 14 and under.,90,2016,84.0,80,"Science fiction, Comedy-drama, Thriller",14+
Travelers,TV-MA,For mature audiences.  May not be suitable for children 17 and under.,110,2016,86.0,80,Science fiction,17+
The Doctor Blake Mysteries,TV-MA,For mature audiences.  May not be suitable for children 17 and under.,110,2016,57.0,80,MysteryCrimePeriod drama,17+
I.T,NR,This movie has not been rated.,124,2016,,82,Public ConglomerateFashionInvestment,no restriction
Bordertown,TV-MA,For mature audiences.  May not be suitable for children 17 and under.,110,2016,,82,Animated sitcom,17+
The West Wing,TV-14,Parents strongly cautioned. May be unsuitable for children ages 14 and under.,90,2005,79.0,80,"Serial, Political drama",14+
Blue Bloods,TV-14,Parents strongly cautioned. May be unsuitable for children ages 14 and under.,90,2016,95.0,80,"Police procedural, Crime drama",14+
Forensic Files,TV-14,Parents strongly cautioned. May be unsuitable for children ages 14 and under.,90,2011,88.0,80,Documentary True crime,14+
Rectify,TV-14,Parents strongly cautioned. May be unsuitable for children ages 14 and under.,90,2016,,82,TragedyLegal dramaSouthern Gothic,14+
American Crime,TV-14,Parents strongly cautioned. May be unsuitable for children ages 14 and under.,90,2016,,82,Crime drama,14+
Madam Secretary,TV-14,Parents strongly cautioned. May be unsuitable for children ages 14 and under.,90,2016,70.0,80,Political dramaThriller,14+
American Crime Story: The People v. O.J. Simpson,TV-MA,For mature audiences.  May not be suitable for children 17 and under.,110,2016,79.0,80,,17+
The Nightmare Before Christmas,PG,some scary images,60,1993,84.0,80,,no restriction
Scooby-Doo,PG,"some rude humor, language and some scary action",60,2002,86.0,80,,no restriction
Chicken Little,G,General Audiences. Suitable for all ages.,35,2005,92.0,80,"kids,family,animation,comedy",no restriction
Teenage Mutant Ninja Turtles,PG,"animated action violence, some scary cartoon images and mild language",60,2007,,82,"kids,family,action,animation,adventure",no restriction
Star Wars: The Clone Wars,PG,"sci-fi action violence throughout, brief language and momentary smoking",60,2008,57.0,80,,no restriction
The Smurfs and the Magic Flute,G,General Audiences. Suitable for all ages.,35,1976,,82,,no restriction
We're Back! A Dinosaur's Story,G,General Audiences. Suitable for all ages.,35,1993,,82,,no restriction
Thomas & Friends: Thomas & the Runaway Kite,TV-Y,Suitable for all ages.,10,2010,,82,,no restriction
Dino Squad,TV-Y7,Suitable for children ages 7 and older,41,2008,,82,"Action/Adventure, Animation",7+
Cars Toons: Mater's Tall Tales,TV-G,Suitable for all ages.,35,2010,74.0,80,Comedy,no restriction
LeapFrog: The Amazing Alphabet Amusement Park,TV-Y,Suitable for all ages.,10,2010,,82,,no restriction
Star Wars: The Clone Wars,TV-PG,Parental guidance suggested. May not be suitable for all children.,70,2014,93.0,80,,no restriction
Phineas and Ferb,TV-G,Suitable for all ages.,35,2012,89.0,80,Surreal comedyMusical,no restriction
The Batman,TV-Y7,Suitable for children ages 7 and older,41,2007,77.0,80,SuperheroActionAdventureMysteryCrime,7+
Justice League,TV-Y7-FV,Suitable for children ages 7 and older.  Content contains fantasy violence.,42,2003,66.0,80,SuperheroScience fictionActionAdventure,7+
Justice League Unlimited,TV-Y7-FV,Suitable for children ages 7 and older.  Content contains fantasy violence.,42,2005,,82,SuperheroScience fictionActionAdventure,7+
Mighty Morphin Power Rangers,TV-Y7-FV,Suitable for children ages 7 and older.  Content contains fantasy violence.,42,2010,73.0,80,ActionAdventureScience fantasySuperhero,7+
Young Justice,TV-PG,Parental guidance suggested. May not be suitable for all children.,70,2012,71.0,80,ActionAdventureScience fictionSuperheroTeen drama,no restriction
The Super Mario Bros. Super Show!,TV-Y7,Suitable for children ages 7 and older,41,1989,,82,"Adventure, Fantasy",7+
Power Rangers Zeo,TV-Y7-FV,Suitable for children ages 7 and older.  Content contains fantasy violence.,42,1996,,82,ActionAdventureScience fantasySuperhero,7+
Oscar's Oasis,TV-G,Suitable for all ages.,35,2011,,82,"Silent comedy, Slapstick",no restriction
Transformers Prime,TV-Y7-FV,Suitable for children ages 7 and older.  Content contains fantasy violence.,42,2013,,82,"Action, Adventure, Science fiction, Drama, Thriller Soundtrack",7+
The Adventures of Chuck & Friends,TV-Y,Suitable for all ages.,10,2011,,82,,no restriction
Transformers: Rescue Bots,TV-Y7,Suitable for children ages 7 and older,41,2016,,82,"Science fiction, Children's television, Comedy, Superhero",7+
Thomas & Friends: King of the Railway,TV-G,Suitable for all ages.,35,2013,,82,,no restriction
LEGO: Marvel Super Heroes: Maximum Overload,TV-Y7-FV,Suitable for children ages 7 and older.  Content contains fantasy violence.,42,2013,,82,,7+
Max Steel,TV-Y7-FV,Suitable for children ages 7 and older.  Content contains fantasy violence.,42,2014,,82,"adventure,action,scifi,fantasy",7+
Transformers Prime Beast Hunters: Predacons Rising,TV-Y7-FV,Suitable for children ages 7 and older.  Content contains fantasy violence.,42,2013,,82,,7+
Agent F.O.X.,PG,Parental guidance suggested. May not be suitable for children.,60,2014,,82,,no restriction
VeggieTales in the House,TV-Y,Suitable for all ages.,10,2016,,82,ComedyChristianity,no restriction
Thunder and the House Of Magic,TV-G,Suitable for all ages.,35,2013,,82,"kids,family,animation,adventure,comedy",no restriction
All Hail King Julien,TV-Y7-FV,Suitable for children ages 7 and older.  Content contains fantasy violence.,42,2016,71.0,80,AdventureAnimationComedySlapstick,7+
Kong: King of the Apes,TV-Y7-FV,Suitable for children ages 7 and older.  Content contains fantasy violence.,42,2016,,82,"Animation, adventure, science fantasy, drama",7+
Marvel Super Hero Adventures: Frost Fight!,PG,fantasy action,60,2015,,82,,no restriction
Slugterra: Slug Fu Showdown,TV-Y7-FV,Suitable for children ages 7 and older.  Content contains fantasy violence.,42,2015,,82,,7+
Dinotrux,TV-Y7-FV,Suitable for children ages 7 and older.  Content contains fantasy violence.,42,2017,,82,Comedy,7+
Edgar Rice Burroughs' Tarzan and Jane,TV-Y7-FV,Suitable for children ages 7 and older.  Content contains fantasy violence.,42,2017,,82,,7+
Lego DC Comics: Batman Be-Leaguered,TV-Y7,Suitable for children ages 7 and older,41,2014,,82,,7+
Power Rangers Dino Charge,TV-Y7,Suitable for children ages 7 and older,41,2015,,82,ActionAdventureScience fantasySuperhero,7+
Bunks,TV-PG,Parental guidance suggested. May not be suitable for all children.,70,2013,,82,"comedy,fantasy",no restriction
The Jungle Book,PG,for some sequences of scary action and peril,60,2016,97.0,80,Animation,no restriction
The Angry Birds Movie,PG,for rude humor and action,60,2016,92.0,80,"animation,kids,family,action,comedy,adventure",no restriction
The Secret Life of Pets,PG,for action and some rude humor,60,2016,,81,"kids,family,animation,adventure,comedy",no restriction
The Furchester Hotel,TV-Y,Suitable for all ages.,10,2015,,82,"Educational television, Puppetery",no restriction
Marvel's Hulk: Where Monsters Dwell,PG,"action violence throughout, some scary images, and language",60,2016,,82,,no restriction
Angry Birds,TV-G,Suitable for all ages.,35,2013,,82,"Comedy, Adventure, Animated",no restriction
Talking Tom and Friends,TV-G,Suitable for all ages.,35,2016,61.0,80,,no restriction
Nexo Knights,TV-Y7-FV,Suitable for children ages 7 and older.  Content contains fantasy violence.,42,2015,,82,Science FantasyComedyActionAdventureScience Fiction,7+
An Extremely Goofy Movie,G,General Audiences. Suitable for all ages.,35,1999,67.0,80,,no restriction
The Iron Giant,PG,fantasy action and mild language,60,1999,83.0,80,"kids,family,animation,adventure,fantasy",no restriction
The Cat in the Hat Knows a Lot About That!,TV-Y,Suitable for all ages.,10,2014,,82,,no restriction
Bob the Builder,TV-Y,Suitable for all ages.,10,2015,,82,Children's animation,no restriction
Beyblade: Metal Fusion,TV-Y7,Suitable for children ages 7 and older,41,2009,,82,,7+
Ninja Turtles: The Next Mutation,TV-Y7-FV,Suitable for children ages 7 and older.  Content contains fantasy violence.,42,1997,,82,ActionAdventureComedyDramaScience fantasySuperhero,7+
DreamWorks Kung Fu Panda Awesome Secrets,TV-PG,Parental guidance suggested. May not be suitable for all children.,70,2008,,82,,no restriction
LEGO Ninjago: Masters of Spinjitzu,TV-Y7-FV,Suitable for children ages 7 and older.  Content contains fantasy violence.,42,2015,67.0,80,"CGI Animation, Action/Adventure, Science fantasy, Comedy, Martial arts, Superhero",7+
Goosebumps,TV-Y7,Suitable for children ages 7 and older,41,1998,88.0,80,HorrorAnthologySupernaturalScience FictionScience FantasyFantasyComedy,7+
LEGO Ninjago: Masters of Spinjitzu: Way of the Ninja,TV-Y7-FV,Suitable for children ages 7 and older.  Content contains fantasy violence.,42,2011,,82,,7+
Super Buddies,G,General Audiences. Suitable for all ages.,35,2013,,82,"kids,family,adventure,comedy",no restriction
Tad: The Lost Explorer,TV-PG,Parental guidance suggested. May not be suitable for all children.,70,2012,,82,,no restriction
PokÃÂ©mon: Indigo League,TV-Y,Suitable for all ages.,10,2000,74.0,80,,no restriction
Ratchet and Clank,PG,action and some rude humor,60,2016,74.0,80,"animation,kids,family,action,comedy,adventure,scifi",no restriction
Pac-Man and the Ghostly Adventures,TV-Y7,Suitable for children ages 7 and older,41,2014,,82,ActionAdventureScience fantasyComedyAnimationSuperhero,7+
Iron Man & Captain America: Heroes United,PG,"action and violence throughout, and mild language",60,2014,,82,,no restriction
Power Rangers Super Megaforce,TV-Y7,Suitable for children ages 7 and older,41,2014,,82,TokusatsuActionAdventureScience fictionSuperhero,7+
Chuggington,TV-Y,Suitable for all ages.,10,2015,,82,Animation,no restriction
The Adventures of Puss in Boots,TV-Y7-FV,Suitable for children ages 7 and older.  Content contains fantasy violence.,42,2016,78.0,80,"Comedy, Action, Adventure, Animation",7+
Some Assembly Required,TV-G,Suitable for all ages.,35,2015,,82,,no restriction
Kulipari: An Army of Frogs,TV-Y7-FV,Suitable for children ages 7 and older.  Content contains fantasy violence.,42,2016,,82,Comedy-DramaFantasyActionAdventure,7+
Transformers: Robots in Disguise,TV-Y7,Suitable for children ages 7 and older,41,2016,,82,,7+
Robocar Poli,TV-Y,Suitable for all ages.,10,2012,,82,"Animation, Children, Comedy, Music, Adventure, Educational, Preschool",no restriction
LEGO Bionicle: The Journey to One,TV-Y7-FV,Suitable for children ages 7 and older.  Content contains fantasy violence.,42,2016,,82,,7+
Voltron: Legendary Defender,TV-Y7-FV,Suitable for children ages 7 and older.  Content contains fantasy violence.,42,2017,,82,ActionAdventureScience fantasyMechaComedy-drama,7+
Buddy Thunderstruck,TV-PG,Parental guidance suggested. May not be suitable for all children.,70,2017,,82,"Comedy, Stop-Motion",no restriction
PokÃÂ©mon: XY,TV-Y7-FV,Suitable for children ages 7 and older.  Content contains fantasy violence.,42,2015,56.0,80,,7+
Power Rangers Dino Super Charge,TV-Y7,Suitable for children ages 7 and older,41,2016,,82,ActionAdventureScience fantasySuperhero,7+
The Deep,TV-Y7,Suitable for children ages 7 and older,41,2015,,82,"adventure,mystery,thriller",7+
Skylanders Academy,TV-Y7,Suitable for children ages 7 and older,41,2016,,82,Action-adventureComedyFantasy,7+
Growing Up Wild,G,General Audiences. Suitable for all ages.,35,2016,80.0,80,Wildlife documentary,no restriction
The Little Rascals,PG,some rude dialogue,60,1994,86.0,80,"kids,family,comedy",no restriction
Flubber,PG,slapstick action and mild language,60,1997,83.0,80,"kids,family,comedy",no restriction
Tarzan,G,General Audiences. Suitable for all ages.,35,1999,95.0,80,"kids,family,animation,musical",no restriction
The Emperor's New Groove,G,General Audiences. Suitable for all ages.,35,2000,95.0,80,,no restriction
Lilo & Stitch,PG,mild sci-fi action,60,2002,95.0,80,"Science fiction, Adventure, Comedy",no restriction
Scooby-Doo 2: Monsters Unleashed,PG,"some scary action, rude humor and language",60,2004,82.0,80,,no restriction
The Three Musketeers,G,General Audiences. Suitable for all ages.,35,2004,,82,Cartoon,no restriction
Mickey's Twice Upon a Christmas,G,General Audiences. Suitable for all ages.,35,2004,,82,,no restriction
The Pacifier,PG,"action violence, language and rude humor",60,2005,91.0,80,,no restriction
Bee Movie,PG,mild suggestive humor,60,2007,94.0,80,"kids,family,animation,adventure,comedy",no restriction
Kung Fu Panda,PG,sequences of martial arts action,60,2008,91.0,80,ComedyAction/AdventureMartial arts,no restriction
Super Why!,TV-Y,Suitable for all ages.,10,2015,68.0,80,ChildrenEducational,no restriction
Jessie,TV-G,Suitable for all ages.,35,2015,88.0,80,Kids&Family,no restriction
Disney Animation Collection: Vol. 1: Mickey and the Beanstalk,TV-G,Suitable for all ages.,35,2009,,82,,no restriction
Lab Rats,TV-Y7,Suitable for children ages 7 and older,41,2016,85.0,80,"Comedy, Science fiction",7+
Pocoyo,TV-Y,Suitable for all ages.,10,2007,67.0,80,Preschool educationComedy,no restriction
Octonauts,TV-Y,Suitable for all ages.,10,2015,,82,ChildrenAnimationActionAdventure film,no restriction
Dragons: Race to the Edge,TV-Y7-FV,Suitable for children ages 7 and older.  Content contains fantasy violence.,42,2017,88.0,80,AdventureFantasyComedy-drama,7+
Mother Goose Club,TV-Y,Suitable for all ages.,10,2016,,82,Preschool,no restriction
Little Einsteins,TV-Y,Suitable for all ages.,10,2007,70.0,80,Children's television seriesEducationalAdventureMusical,no restriction
Hotel Transylvania 2,PG,"some scary images, action and rude humor",60,2015,93.0,80,"kids,family,animation,comedy,fantasy",no restriction
Dawn of the Croods,TV-Y7,Suitable for children ages 7 and older,41,2017,72.0,80,ComedyAdventure,7+
Goosebumps,PG,"scary and intense creature action and images, and for some rude humor",60,2015,90.0,80,HorrorAnthologySupernaturalScience FictionScience FantasyFantasyComedy,no restriction
Kung Fu Panda 3,PG,martial arts action and some mild rude humor,60,2016,92.0,80,"kids,family,animation,adventure,comedy",no restriction
Home: Adventures with Tip & Oh,TV-Y7,Suitable for children ages 7 and older,41,2017,,82,Comic science fictionAnimationComedy,7+
Open Season: Scared Silly,PG,rude humor and some action,60,2015,72.0,80,,no restriction
The Land Before Time XIV: Journey of the Brave,G,General Audiences. Suitable for all ages.,35,2016,,82,,no restriction
Alice Through the Looking Glass,PG,fantasy action/peril and some language,60,2016,96.0,80,"kids,family,fantasy",no restriction
Ask the StoryBots,TV-Y,Suitable for all ages.,10,2016,,82,Children's televisionAnimatedEducational,no restriction
Goldie & Bear,TV-Y,Suitable for all ages.,10,2016,77.0,80,,no restriction
Little Baby Bum: Nursery Rhyme Friends,TV-Y,Suitable for all ages.,10,2016,,82,,no restriction
Tayo the Little Bus,TV-Y,Suitable for all ages.,10,2014,,82,ChildrenComedy,no restriction
Antz,PG,moderate adult language and intense action,60,1998,80.0,80,"animation,fantasy,kids,family,comedy,adventure,romance",no restriction
Chicken Run,G,General Audiences. Suitable for all ages.,35,2000,80.0,80,"kids,family,animation,adventure,comedy",no restriction
Spy Kids 3: Game Over,PG,action sequences and peril,60,2003,64.0,80,,no restriction
Annie,PG,adult content and mld violence,60,1982,68.0,80,"kids,family,musical,comedy",no restriction
Mulan 2,G,General Audiences. Suitable for all ages.,35,2004,85.0,80,,no restriction
Lilo & Stitch 2: Stitch Has A Glitch,PG,some mild action,60,2005,85.0,80,,no restriction
DreamWorks Shrek's Swamp Stories,TV-PG,Parental guidance suggested. May not be suitable for all children.,70,2008,56.0,80,,no restriction
Beverly Hills Chihuahua 3: Viva La Fiesta!,G,General Audiences. Suitable for all ages.,35,2012,,82,,no restriction
DreamWorks Spooky Stories: Volume 2,TV-PG,Parental guidance suggested. May not be suitable for all children.,70,2011,,82,,no restriction
The Magic School Bus,TV-Y,Suitable for all ages.,10,1997,81.0,80,EducationalAdventureComedyScience fantasy,no restriction
Sammy 2,TV-PG,Parental guidance suggested. May not be suitable for all children.,70,2012,,82,,no restriction
Sofia the First,TV-Y,Suitable for all ages.,10,2015,82.0,80,FantasyAdventureMusicalComedyMagical girl,no restriction
Barbie Life in the Dreamhouse,TV-G,Suitable for all ages.,35,2012,85.0,80,,no restriction
Paddington,PG,mild action and rude humor,60,2014,70.0,80,Animation,no restriction
Larva,TV-G,Suitable for all ages.,35,2015,,82,ComedyAnimationSlapstick,no restriction
Sid the Science Kid,TV-Y,Suitable for all ages.,10,2008,,82,Children's television seriesEducation,no restriction
Minions,PG,action and rude humor,60,2015,96.0,80,"kids,family,animation,adventure,comedy",no restriction
The Little Prince,PG,mild thematic elements,60,2015,71.0,80,"adventure,animation,fantasy",no restriction
Word Party,TV-Y,Suitable for all ages.,10,2016,,82,Educational,no restriction
Cool Runnings,PG,Parental guidance suggested. May not be suitable for children.,60,1993,81.0,80,documentary,no restriction
Homeward Bound: The Incredible Journey,G,General Audiences. Suitable for all ages.,35,1993,96.0,80,,no restriction
Anastasia,G,General Audiences. Suitable for all ages.,35,1997,93.0,80,,no restriction
Missione Hamburger,PG,"language, some comic violence and mild sex-related humor",60,1997,75.0,80,,no restriction
Curious George,G,General Audiences. Suitable for all ages.,35,2006,55.0,80,Animation,no restriction
Secret of the Wings,G,General Audiences. Suitable for all ages.,35,2012,65.0,80,,no restriction
Clifford the Big Red Dog,TV-Y,Suitable for all ages.,10,2002,,82,"Education, Comedy, Fantasy",no restriction
Walt Disney Animation Studios Short Films Collection,TV-G,Suitable for all ages.,35,2015,84.0,80,Division Motion pictures,no restriction
Bunk'd,TV-G,Suitable for all ages.,35,2016,61.0,80,Comedy,no restriction
The BFG,PG,"for action/peril, some scary moments and brief rude humor",60,2016,97.0,80,"kids,family,animation,fantasy",no restriction
The Real Ghostbusters,TV-Y7,Suitable for children ages 7 and older,41,1990,65.0,80,Animation,7+
Babe: Pig in the City,G,General Audiences. Suitable for all ages.,35,1998,,82,,no restriction
The Prince of Egypt,PG,intense scenes dealing with strong content,60,1998,81.0,80,,no restriction
Paulie,PG,Parental guidance suggested. May not be suitable for children.,60,1998,,82,"kids,family,comedy",no restriction
The Road to El Dorado,PG,mild thematic material and language,60,2000,91.0,80,,no restriction
Fantasia 2000,G,General Audiences. Suitable for all ages.,35,2000,,82,"kids,family,music,musical,animation",no restriction
Pocahontas II: Journey to a New World,TV-G,Suitable for all ages.,35,1998,64.0,80,,no restriction
Fantasia,G,General Audiences. Suitable for all ages.,35,1940,61.0,80,"kids,family,animation,fantasy",no restriction
An American Tail,G,General Audiences. Suitable for all ages.,35,1986,67.0,80,"kids,family,animation,fantasy",no restriction
Pooh's Grand Adventure: The Search for Christopher Robin,G,General Audiences. Suitable for all ages.,35,1997,,82,,no restriction
FernGully 2: The Magical Rescue,G,General Audiences. Suitable for all ages.,35,1998,,82,,no restriction
Balto 2: Wolf Quest,G,General Audiences. Suitable for all ages.,35,2001,,82,,no restriction
Balto,G,General Audiences. Suitable for all ages.,35,1995,64.0,80,United States of America (Territory of Alaska),no restriction
Back to the Secret Garden,G,General Audiences. Suitable for all ages.,35,2002,,82,"kids,family,drama,fantasy",no restriction
The Brave Little Toaster Goes to Mars,G,General Audiences. Suitable for all ages.,35,1998,,82,"kids,family,animation,musical",no restriction
The Brave Little Toaster to the Rescue,G,General Audiences. Suitable for all ages.,35,1997,,82,,no restriction
An American Tail: The Mystery of the Night Monster,G,General Audiences. Suitable for all ages.,35,1999,,82,,no restriction
An American Tail: Fievel Goes West,G,General Audiences. Suitable for all ages.,35,1991,,82,,no restriction
The Last Unicorn,G,General Audiences. Suitable for all ages.,35,1982,,82,"kids,family,animation,fantasy",no restriction
Brother Bear 2,G,General Audiences. Suitable for all ages.,35,2006,57.0,80,"kids,family,animation,adventure,comedy",no restriction
The Fox and the Hound 2,G,General Audiences. Suitable for all ages.,35,2006,,82,,no restriction
Jetsons: The Movie,G,General Audiences. Suitable for all ages.,35,1990,,82,,no restriction
A Monster in Paris,PG,"some action violence involving gunplay, and mild rude humor",60,2011,,82,"animation,comedy,kids,family,adventure",no restriction
The Gruffalo,TV-Y,Suitable for all ages.,10,2009,,82,"kids,family,animation,adventure,fantasy",no restriction
DreamWorks How to Train Your Dragon Legends,TV-PG,Parental guidance suggested. May not be suitable for all children.,70,2011,,82,"animation,fantasy,kids,family,comedy,adventure",no restriction
Ernest & Celestine,PG,some scary moments,60,2012,,82,,no restriction
Animaniacs,TV-Y7,Suitable for children ages 7 and older,41,1997,72.0,80,ComedyMusicalSatireSketcheducationalSlapstick,7+
Disney Animation Collection: Vol. 4: The Tortoise and the Hare,TV-G,Suitable for all ages.,35,2009,,82,,no restriction
PopPixie,TV-G,Suitable for all ages.,35,2011,,82,"Fantasy, Adventure",no restriction
Jack and the Cuckoo-Clock Heart,PG,"scary images, suggestive material, some language and smoking",60,2013,,82,,no restriction
The Pirate Fairy,G,General Audiences. Suitable for all ages.,35,2014,57.0,80,"kids,family,animation,adventure,fantasy",no restriction
Axel: The Biggest Little Hero,PG,"some scary images, perilous action sequences and mild rude humor",60,2013,,82,,no restriction
The Adventures of Figaro Pho,TV-Y7,Suitable for children ages 7 and older,41,2015,,82,,7+
The Boxcar Children,G,General Audiences. Suitable for all ages.,35,2014,,82,"kids,family,animation,adventure",no restriction
Pet Pals in Windland,TV-G,Suitable for all ages.,35,2014,,82,,no restriction
Alpha and Omega: Dino Digs,TV-G,Suitable for all ages.,35,2016,,82,,no restriction
Quackerz,PG,"rude and suggestive humor, and some action",60,2016,,82,"animation,comedy,fantasy",no restriction
Hatched,TV-Y7,Suitable for children ages 7 and older,41,2013,,82,"kids,family,animation,adventure",7+
Blinky Bill: The Movie,PG,some rude humor,60,2015,,82,,no restriction
FernGully: The Last Rainforest,G,General Audiences. Suitable for all ages.,35,1992,70.0,80,,no restriction
The Lizzie McGuire Movie,PG,mild thematic elements,60,2003,,82,,no restriction
Recess: Taking the Fifth Grade,G,General Audiences. Suitable for all ages.,35,2003,,82,Children's television seriesComedy,no restriction
The Very Hungry Caterpillar and Other Stories,TV-Y,Suitable for all ages.,10,1993,,82,,no restriction
The Hero of Color City,G,General Audiences. Suitable for all ages.,35,2014,,82,"kids,family,animation,adventure",no restriction
The Little Engine That Could,G,General Audiences. Suitable for all ages.,35,2011,,82,,no restriction
Delhi Safari,PG,"violence and menacing action, rude humor, suggestive content and thematic elements",60,2012,,82,"kids,family,animation,adventure,comedy",no restriction
Pound Puppies,TV-Y,Suitable for all ages.,10,2013,,82,,no restriction
Monster Math Squad,TV-G,Suitable for all ages.,35,2012,,82,,no restriction
Care Bears: Welcome to Care-a-Lot,TV-Y,Suitable for all ages.,10,2012,,82,AdventureMusical,no restriction
Clifford's Puppy Days,TV-Y,Suitable for all ages.,10,2003,,82,Children's,no restriction
Dinosaur King,TV-Y7-FV,Suitable for children ages 7 and older.  Content contains fantasy violence.,42,2008,,82,Anime&Manga,7+
Ribbit,PG,some peril,60,2014,,82,"animation,kids,family,comedy,adventure,drama",no restriction
Rooster Doodle-doo,TV-G,Suitable for all ages.,35,2014,,82,,no restriction
My Animal Friends,TV-Y,Suitable for all ages.,10,2013,,82,,no restriction
Worms,PG,Parental guidance suggested. May not be suitable for children.,60,2013,,82,"kids,family,animation,adventure",no restriction
Puffin Rock,TV-Y,Suitable for all ages.,10,2016,,82,Children's television series,no restriction
The Mr. Peabody and Sherman Show,TV-Y7,Suitable for children ages 7 and older,41,2017,,82,ComedyMusicalHistory,7+
Zoobabu,TV-Y,Suitable for all ages.,10,2010,,82,,no restriction
Gon,TV-G,Suitable for all ages.,35,2013,,82,,no restriction
Sid the Science Kid: The Movie,TV-Y,Suitable for all ages.,10,2012,,82,,no restriction
LEGO Jurassic World: The Indominus Escape,TV-Y7,Suitable for children ages 7 and older,41,2016,,82,,7+
Harry and the Hendersons,PG,Parental guidance suggested. May not be suitable for children.,60,1987,58.0,80,Sitcom,no restriction
Cats & Dogs,PG,animal action and humor,60,2001,,82,,no restriction
Atlantis: The Lost Empire,PG,action violence,60,2001,96.0,80,,no restriction
Tarzan & Jane,G,General Audiences. Suitable for all ages.,35,2002,,82,,no restriction
Atlantis: Milo's Return,G,General Audiences. Suitable for all ages.,35,2003,79.0,80,,no restriction
Batched,G,General Audiences. Suitable for all ages.,35,2000,,82,,no restriction
Winnie the Pooh: Springtime with Roo,G,General Audiences. Suitable for all ages.,35,2004,,82,,no restriction
Pooh's Heffalump Movie,G,General Audiences. Suitable for all ages.,35,2005,,82,,no restriction
Kronk's New Groove,G,General Audiences. Suitable for all ages.,35,2005,,82,,no restriction
Corpse Bride,PG,"some scary images and action, and brief mild language",60,2005,91.0,80,"kids,family,animation,fantasy",no restriction
Disney Animation Collection: Vol. 2: Three Little Pigs,TV-G,Suitable for all ages.,35,2009,,82,,no restriction
Underdogs,PG,Parental guidance suggested. May not be suitable for children.,60,2013,,82,drama,no restriction
Yellowbird,PG,Parental guidance suggested. May not be suitable for children.,60,2014,,82,"adventure,animation",no restriction
Mr. Magoo,PG,mild language and action sequences,60,1997,,82,,no restriction
Air Bud: World Pup,G,General Audiences. Suitable for all ages.,35,2000,,82,,no restriction
Baby's Day Out,PG,mild language and comic action,60,1994,71.0,80,,no restriction
Blank Check,PG,Parental guidance suggested. May not be suitable for children.,60,1994,93.0,80,"kids,family,comedy",no restriction
Heavyweights,PG,some rude language and pranks,60,1995,74.0,80,"kids,family,comedy",no restriction
Inspector Gadget 2,G,General Audiences. Suitable for all ages.,35,2003,,82,"kids,family,comedy",no restriction
Air Bud: Spikes Back,G,General Audiences. Suitable for all ages.,35,2003,,82,,no restriction
D2: The Mighty Ducks,PG,some mild language and rough hockey action,60,1994,70.0,80,,no restriction
"Honey, I Shrunk the Kids",PG,Parental guidance suggested. May not be suitable for children.,60,1989,80.0,80,,no restriction
Air Buddies,PG,"some mild, rude humor",60,2006,,82,"kids,family,comedy",no restriction
Dr. Dolittle: Tail to the Chief,PG,brief mild language and some rude behavior,60,2008,,82,,no restriction
Flicka 2,PG,some reckless behavior,60,2010,,82,"kids,family,drama",no restriction
H2O: Just Add Water,TV-PG,Parental guidance suggested. May not be suitable for all children.,70,2009,74.0,80,"ChildrenÂ / teen drama, Fantasy",no restriction
Dolphin Tale,PG,some mild thematic elements,60,2011,,82,"kids,family,adventure,drama",no restriction
Step Dogs,TV-PG,Parental guidance suggested. May not be suitable for all children.,70,2013,,82,comedy,no restriction
Mia and Me,TV-Y,Suitable for all ages.,10,2015,,82,FantasyAdventure,no restriction
Russell Madness,PG,some rude humor and sports action,60,2015,,82,"kids,family,adventure,comedy",no restriction
Wiener Dog Internationals,G,General Audiences. Suitable for all ages.,35,2015,,82,"kids,family,adventure",no restriction
Pup Star,G,General Audiences. Suitable for all ages.,35,2016,,82,,no restriction
Precious Puppies,TV-G,Suitable for all ages.,35,2003,,82,,no restriction
Beary Tales,TV-G,Suitable for all ages.,35,2013,,82,,no restriction
